French,English
je,I
de,of
est,is
pas,not
le,the
vous,you
la,the
tu,you
que,than
un,a
il,he
et,and
à,To
a,To
ne,born
les,the
ce,this
en,in
on,we
ça,that
une,a
ai,have
pour,for
des,from
moi,me
qui,who
nous,we
y,there
mais,corn
me,me
dans,in
du,from
bien,good
elle,she
si,if
tout,all
plus,more
non,no
mon,my
suis,am
te,you
au,to
avec,with
va,goes
oui,Yes
toi,you
fait,do
ils,they
as,ace
être,to be
faire,do
se,himself
comme,like
était,was
sur,on
quoi,what
ici,here
sais,know
lui,him
veux,want
ma,my
là,the
rien,nothing
dit,said
es,es
où,or
votre,your
pourquoi,Why
sont,are
cette,this
quand,when
par,by
son,his
ton,your
peux,can
vais,am going to
dire,to say
alors,So
comment,How? 'Or' What
avez,have
bon,Well
ou,Where
très,very
merci,thank you
ont,have
même,same
jamais,never
aussi,also
voir,to see
chose,thing
allez,go
tous,all
deux,of them
ces,those
faut,should
sa,her
êtes,are
été,summer
ta,your
fais,do
avoir,to have
peut,may
autre,other
m,m
encore,Again
maintenant,now
peu,little
mes,my
vraiment,really
temps,time
notre,our
toujours,always
vie,life
sans,without
juste,correct
oh,Oh
avait,was having
accord,OK
vu,seen
monde,world
quelque,some
fois,times
aller,to go
trop,too much
viens,come
crois,believe
dieu,God
dois,have
homme,man
père,father
sûr,sure
aux,to
leur,their
avant,before
étais,was
besoin,need
femme,women
aime,love
personne,no one
avais,had
chez,at the house of
vrai,true
ans,years
mal,wrong
ses,his
parler,to speak
vos,your
après,after
mort,dead
veut,wants
eu,had
sera,will be
bonne,good
parce,by
mieux,better
petit,small
voilà,so
tes,your
ca,that
dis,say
beaucoup,many
depuis,since
doit,must
vois,see
mère,mother
vas,going
monsieur,Sir
quel,what
déjà,already
fille,girl
gens,people
donc,so
jour,day
soir,evening
autres,others
ii,ii
toute,all
bonjour,Hello
ll,It
maison,House
nom,name
argent,silver
nos,our
ouais,Yeah
pense,thought
merde,shit
nuit,night
papa,dad
cela,that
salut,Salvation
cet,this
avons,have
reste,rest
désolé,sorry
maman,mom
peur,fear
arrive,come
seul,alone
vite,fast
prendre,to take
regarde,looked
air,air
soit,that is
trois,three
quelle,what
passé,pass
savoir,to know
plaît,please
choses,things
moins,less
fils,son
entre,Between
bas,low
appelle,call
passe,past
ah,ha
tête,head
demain,tomorrow
grand,big
arrête,stopped
faites,done
voulez,want
hé,Hey
attends,hold on
hein,eh
enfants,children
assez,enough
raison,raison
aurais,would
voulais,wanted
elles,they
parle,speak
ok,OK
jours,days
dû,from
moment,moment
heure,time
puis,then
gars,guys
hommes,men
amour,love
tard,late
toutes,all
sommes,are
tuer,to kill
eh,eh
ami,friend
connais,know
petite,small
aider,to help
chance,luck
savez,know
partir,to leave
sait,know
combien,How
voiture,car
tant,so much
pris,taken
part,go
problème,problem
prends,take
porte,door
coup,cut
serait,would
venir,to come
hui,hui
famille,family
travail,work
pu,could
seule,alone
sens,meaning
ni,or
allons,lets go
revoir,meet again
idée,idea
putain,whore
passer,to pass
contre,vs
comprends,understand
entendu,understood
trouvé,find
trouver,find
vieux,old
vient,come
pendant,during
aurait,would have
quelques,a few
attention,Warning
demande,request
chercher,look for
sous,under
voici,here is
pourrait,could
sang,blood
pouvez,can
sortir,to take out
question,question
histoire,story
amis,friends
venez,come
frère,brother
rester,to stay
fini,finished
ville,city
nouveau,new
truc,thing
tiens,take
mois,month
eux,them
mec,guy
yeux,eyes
laisse,leave alone
super,Great
belle,beautiful
longtemps,long time
police,police
eau,water
heures,time
car,because
importe,imported
cas,case
vont,are going
chaque,each
terre,Earth
place,square
tué,kill
type,type
main,hand
pardon,sorry
ensemble,together
seulement,only
guerre,war
beau,handsome
vers,towards
mme,Mrs
prie,pray
devant,before
trouve,find
partie,part
suite,following
compris,understood
matin,morning
leurs,their
aucun,any
arrivé,come
dessus,above
chérie,Dear
mettre,to put
aide,help
étaient,were
ie,ie
perdu,lost
fin,end
sois,be
premier,first
genre,kind
aimerais,would like to
droit,right
donne,given
attendez,wait
jeune,young
feu,fire
devrais,should
enfant,child
chambre,room
gros,large
côté,side
venu,came
loin,far
laisser,let
donner,to give
jouer,to play
savais,knew
compte,account
s,s
parlé,speak
minutes,minutes
regardez,look
train,train
première,first
pouvoir,power
aura,will have
mourir,pass away
dernière,last
donné,given
ia,ia
mari,husband
écoute,listen
enfin,finally
devrait,should
mis,placed
film,movie
aucune,any
fort,strong
façon,way
pays,country
prêt,ready
madame,Mrs
femmes,women
affaire,case
pourrais,could
espère,hope
parti,left
h,h
boulot,gig
endroit,place
fou,crazy
corps,body
hier,yesterday
dont,whose
désolée,sorry
grande,big
point,point
cinq,five
dehors,out
filles,girls
cause,cause
vivre,live
près,near
pensais,thought
garçon,boy
chef,chief
haut,high
capitaine,captain
dirait,would say
bébé,baby
celui,that's why I wrote to you
demandé,request
possible,possible
mains,hands
ainsi,so
quatre,four
nouvelle,news
années,years
plein,full
semaine,week
dites,say
croire,to believe
marche,walk
tour,tower
école,school
manger,eat
plutôt,rather
docteur,doctor
ceux,those
vérité,truth
vue,view
arrêter,Stop
essaie,try
envie,desire
bientôt,soon
instant,moment
dernier,last
affaires,business
arriver,to arrive
demander,to ask
meilleur,better
font,make
derrière,behind
c,vs
dollars,dollars
presque,almost
dr,dr
tellement,so much
tomber,to fall
journée,daytime
voulait,wanted to
appeler,to call
bureau,desk
confiance,confidence
garde,keep
attendre,wait
numéro,number
serai,will
dur,hard
á,To
souviens,remember
o,o
voyez,see
cours,Classes
bonsoir,Good evening
route,road
fera,will
prend,take
cul,ass
abord,on board
important,important
peine,sadness
croyais,thought
mot,word
devez,must
suffit,enough
minute,minute
ferme,closed
ben,ben
plaisir,pleasure
chien,dog
jeu,Game
seigneur,Lord
messieurs,gentlemen
calme,calmed down
voudrais,would like
heureux,happy
prenez,take
mariage,wedding
voit,sees
parents,parents
lls,They
dedans,inside
entrer,enter
lit,bed
parfait,perfect
fous,crazy
mlle,Ms
rentrer,to return
ait,has
musique,music
arrêtez,stop
autant,so much
service,service
reviens,come back
ceci,this
drôle,funny
attend,waits
parfois,sometimes
téléphone,telephone
retour,return
ira,will
e,e
pauvre,poor
verre,glass
général,general
new,new
six,six
pensé,thought
l,the
impossible,impossible
fête,Party
adore,love
coeur,heart
aimes,love
ci,this
ferai,will
président,President
doute,doubt
facile,easy
entends,hear
payer,pay
appelé,called
prison,jail
john,john
sors,go outside
café,Coffee
vaut,worth
mauvais,Wrong
chéri,Dear
oublié,forget
bras,arm
i,i
gentil,kind
faute,mistake
équipe,team
exactement,exactly
cœur,heart
penser,to think
changer,change
commence,start
lieu,place
entendre,to hear
ies,ies
roi,King
plan,plan
partout,all over
joue,play
cher,Dear
morts,dead
rendre,to bring back
écrit,writing
travailler,to work
malade,sick
sinon,otherwise
génial,awesome
regarder,to look at
veulent,want
montrer,to show
rentre,returns
travaille,work
armée,army
voulu,desired
cherche,look for
état,state
boire,to drink
sécurité,security
dès,from
esprit,spirit
année,year
dix,ten
york,york
laissé,leave alone
bois,drink
mets,dish
propre,clean
soyez,are
jack,jack
essayer,to try
faisait,was
tôt,early
surtout,mostly
arme,armed
t,t
rêve,dream
perdre,to lose
avis,opinion
semble,seems
pire,worse
simple,simple
penses,think
parles,talk
paix,peace
livre,delivered
dormir,to sleep
voyons,see
difficile,hard
retard,delay
allait,was going to
d,d
sujet,topic
appris,learned
ensuite,then
sauf,except
maître,master
morte,dead woman
noir,black
or,gold
dîner,having dinner
choix,choice
serais,would
écoute,listen
sale,dirty
étiez,were
sûrement,surely
an,year
ordre,order
souvent,often
essayé,try
peuvent,can
visage,face
bout,end
changé,exchange
sérieux,serious
inquiète,worry
âge,age
photo,Photo
rue,Street
tirer,shoot
comprendre,understand
face,face
semaines,weeks
marché,Marlet
questions,Questions
honneur,honor
ciel,sky
allé,go
garder,to keep
chemin,path
grave,serious
gauche,left
petits,small
courant,running
amie,friend
nouvelles,new
avion,plane
con,cunt
content,happy
force,strength
millions,million
oublie,forget
devoir,to have to
prochaine,next
prix,price
propos,about
bateau,boat
bouge,moves
voix,voice
rouge,Red
restez,stay
celle,that
pouvais,could
personnes,people
ferais,would
début,start
espèce,species
gueule,mouth
acheter,to buy
continue,keep on going
sort,fate
faim,hunger
long,long
j,j
voyage,travel
message,message
sorte,kind
reçu,received
bienvenue,Welcome
idiot,idiot
certains,some
hôpital,hospital
promis,promised
devenir,to become
ouvre,opens
grâce,Grace
sûre,safe
problèmes,problems
armes,arms
trucs,stuff
camp,camp
allais,going
occupe,to keep busy
devait,was
manque,lack
connaissez,know
thé,tea
avaient,had
cheveux,hair
soleil,Sun
salle,room
gagner,to win
laissez,leave
erreur,fault
cru,believed
pars,leave
bizarre,weird
croyez,believe
sac,bag
hôtel,hotel
oncle,uncle
pièce,room
pouvait,could
fond,fund
soirée,evening
secret,secret
patron,boss
rapport,report
apprendre,to learn
commencé,start
sauver,to save
seconde,second
pensez,think
allô,Hello
ailleurs,somewhere else
agent,agent
froid,cold
seras,shalt
pied,foot
jolie,pretty one
revenir,to come back
scène,scene
pieds,feet
n,not
devons,must
groupe,group
carte,map
aurai,have
effet,effect
neuf,new
fallait,needed
monte,mounted
battre,to beat
noël,Christmas
venue,arrival
mots,words
tire,drawn
droite,right
libre,free
soeur,sister
situation,situation
seront,will
faux,false
bordel,mess
foutre,fuck
lumière,light
euh,uh
incroyable,incredible
tue,kill
joli,attractive
connaît,knows
debout,standing
colonel,colonel
cheval,horse
écoutez,Listen
george,george
joe,joe
vieille,old woman
entrez,Come in
intérieur,inside
coin,corner
auras,get
gagné,won
fric,money
loi,law
absolument,absoutely
dame,lady
cool,cool
magnifique,Magnificent
dos,back
occuper,to occupy
présent,here
retrouver,to regain
réussi,success
frank,frank
rencontrer,meet
aviez,had
meilleure,best
âme,soul
prêts,loans
doucement,gently
table,table
lettre,letter
rappelle,remember
sam,sat
fut,was
risque,risk
ordres,orders
appel,call
commencer,to start
terminé,ended
agit,is
blanc,White
sœur,sister
pareil,the same
charlie,charlie
chaud,hot
finir,to finish
touche,hit
avance,advance
ignore,unknown
meurtre,murder
tranquille,calm
anniversaire,birthday
déjeuner,to eat lunch
disais,said
bord,edge
tom,tom
jeunes,youth
accident,accident
parlez,speak
fasse,make
complètement,completely
déteste,hated
clair,light
marcher,walk
disait,said
mauvaise,nad
envoyé,sent
â,To
professeur,professor
heureuse,happy
doivent,must
midi,midday
lire,read
moyen,way
ferait,would do
commandant,commanding officer
vraie,real
sept,seven
forme,form
tombe,grave
silence,silence
sortez,get out
connaître,to know
puisse,can
cadeau,gift
flics,cops
mer,sea
médecin,doctor
exact,exact
décidé,decided
moitié,half
surprise,surprise
avocat,lawyer
montre,show
b,b
su,knew
porter,carry
télé,TV
vivant,living
jure,sworn
disent,say
mr,mr
serez,will
devriez,should
devenu,become
aimé,love
diable,Devil
ligne,line
mission,mission
suppose,Assumed
chacun,each
autour,around
pote,mate
grosse,fat
expliquer,to explain
arrivée,arrival
monter,ascend
balle,ball
selon,according to
photos,Pictures
contrôle,control
prête,ready
anglais,English
sorti,got out
k,k
bons,good
disparu,faded away
tenir,hold
simplement,simply
quitter,leave
envoie,send
paul,paul
aimer,like
voie,way
paris,Paris
classe,class
huit,eight
offre,offer
poste,job
dangereux,dangerous
attaque,attack
impression,impression
folle,crazy
michael,michael
mange,eat
bravo,well done
arrière,back
amérique,America
suivre,to follow
aille,go
oublier,to forget
peuple,people
baiser,kiss
rencontré,encounter
honte,shame
connard,shithead
trou,hole
retourner,to return to
chanson,song
change,exchange
arrêté,stopped
enfer,hell
écrire,to write
livres,books
habitude,habit
réponse,reply
david,david
lieutenant,lieutenant
savait,knew
radio,radio
tenez,hold
bande,bandaged
bob,bob
rend,makes
compagnie,company
connu,known
secours,help
danse,dance
met,puts
vol,flight
vit,lives
conneries,bullshit
aurez,will
imagine,conceived
boîte,box
joué,play
triste,sad
sud,South
lu,read
tel,Phone
merveilleux,marvellous
pute,bitch
aie,Ouch
ressemble,looks like
coucher,to sleep
ennuis,trouble
volé,Fly
sortie,exit
devais,had
combat,fight
bouche,mouth
certain,certain
visite,visit
existe,exist
bête,beast
retourne,return
approche,approach
pourtant,yet
plusieurs,various
rire,laugh
but,goal
sergent,sergeant
public,public
système,system
présente,present
dirai,tell
faudra,will
écouter,to listen
hors,except
exemple,example
vendre,to sell
continuer,Continue
coups,shots
pourra,will
sympa,nice
nord,North
cuisine,food
époque,era
grands,great
héros,hero
étrange,strange
avenir,to come up
danger,danger
envoyer,send
gouvernement,government
danser,to dance
lune,moon
etre,to be
poser,to pose
partez,leave
normal,normal
peau,skin
santé,health
ecoutez,Listen
ouvrir,to open
nez,nose
secondes,seconds
amoureux,in love
dommage,shame
pleine,full
mille,thousand
banque,Bank
voler,steal
clé,key
bonnes,good
paraît,seems
servir,to serve
journal,newspaper
village,town
tient,is holding
flic,cop
salaud,bastard
juge,judge
tiré,drawn
cour,court
assis,seated
bruit,noise
terrible,terrible
prochain,next
inspecteur,inspector
liberté,freedom
blague,joke
robe,dress
crime,crime
bière,beer
tas,heap
viennent,are coming
don,Don
reine,Queen
protéger,protect
seuls,only
préfère,favorite
bar,bar
dingue,crazy
vent,wind
pitié,pity
croit,believes
payé,paid
travers,through
club,club
garçons,boys
conseil,advice
mesdames,ladies
sol,ground
bonheur,happiness
rêves,dreams
centre,center
thé,tea
mêmes,same
avions,had
mike,mike
nulle,nothing
stupide,stupid
pouvons,can
vin,wine
tante,aunt
sent,feels
fiche,plug
milieu,environment
signe,sign
unis,United
appelez,call
départ,departure
inutile,useless
emmener,bring
comprenez,understand
liste,listing
gamin,kid
johnny,johnny
hey,hey
prise,socket
savent,know
différent,different
verra,will
probablement,probably
intérêt,interest
choisi,selected
parole,speech
ennemi,enemy
vêtements,clothes
aimez,like
recherche,research
société,society
faisais,doing
peter,to fart
œil,eye
soin,care
chère,Dear
tourne,turned
ià,ià
descendre,to come down
félicitations,congratulations
pose,pose
position,position
oeil,eye
vouloir,want to
mecs,guys
irai,go
spectacle,show
acheté,bought
laquelle,which
rôle,role
intéresse,interested
utiliser,use
match,match
devient,bECOMES
quitté,quits
asseoir,Sit
environ,about
plait,please
mur,Wall
blessé,hurt
mise,setting
harry,harry
you,you
beauté,beauty
salope,slut
parie,bet
sert,serves
soldats,soldiers
films,movies
américain,American
marier,marry
entrée,entrance
soldat,soldier
ouvert,open
sauter,to jump
londres,London
eiie,eiie
lequel,who
lâche,cowardly
église,church
pierre,Pierre
art,art
fenêtre,window
humain,human
tort,wrong
cerveau,brain
coupable,guilty
petites,small
promets,promise
adresse,address
prince,prince
quartier,district
espoir,hope
conduire,drive
auriez,would
ridicule,ridiculous
justice,justice
rose,pink
venus,Venus
max,max
jimmy,jimmy
presse,hurry
adieu,goodbye
revient,come back
expérience,experience
présenter,to present
tombé,grave
faisons,do
épouser,marry
frères,brothers
veuillez,please
revenu,income
colère,anger
bill,bill
vis,screw
james,james
pourriez,might
jim,jim
intéressant,interesting
ouvrez,open
nature,nature
gosse,kid
taxi,Taxi
fier,proud
preuve,evidence
riche,rich
faudrait,should
base,based
fleurs,flowers
vide,empty
portes,doors
mademoiselle,miss
formidable,wonderful
nul,no
directeur,director
chanter,to sing
contact,contact
histoires,stories
marié,married
défense,defense
répondre,to respond
excuse,excuse
responsable,responsible
deuxième,second
mary,mary
san,san
appartement,apartment
décision,decision
cinéma,movie theater
jeter,to throw
aimais,liked
cacher,hide
glace,ice
occasion,occasion
dents,teeth
vacances,holidays
course,race
ravi,delighted
tueur,killer
sentir,feel
courage,courage
jésus,Jesus
allée,driveway
capable,able
essayez,try
sauvé,Safe
longue,long
parmi,among
continuez,go on
paie,pay
superbe,superb
français,French
souvenir,memory
ouest,Where is
dégage,clear
jambes,legs
coupe,chopped off
immédiatement,immediately
machine,machine
épouse,spouse
telle,such
marie,married
mien,mine
pius,pius
certainement,certainly
bombe,bomb
types,Types
p,p
né,not
manière,manner
gagne,wins
prévu,foreseen
chier,take a dump
trouves,found
u,u
idées,ideas
touché,touch
rendu,made
monstre,monster
km,km
retrouve,finds
ha,Ha
f,f
importance,importance
joie,joy
dérange,disturbs
arrivent,arrive
court,short
pont,bridge
foutu,fucking
bain,bath
oubliez,forget
tourner,turn
contente,satisfied
attendais,expecting
cent,hundred
enchanté,nice to meet you
signifie,means
américains,US
iis,iis
quitte,quits
poisson,fish
henry,henry
ayez,have
terrain,ground
enquête,investigation
horrible,horrible
chat,cat
certaines,some
r,r
camion,truck
copine,friend
joyeux,happy
shérif,sheriff
ramener,to bring back
descends,down
éviter,to avoid
projet,project
and,and
dossier,case
respect,respect
excellent,excellent
envers,towards
mariée,married
occupé,busy
lorsque,when
blanche,White
majesté,majesty
rencontre,encounter
toucher,to touch
ange,angel
refuse,refuse
charge,charged
billy,billy
chevaux,horses
v,v
chiens,dogs
empêcher,to prevent
dure,hard
zone,zoned
faits,facts
animaux,animals
meilleurs,best
plupart,mostly
emmène,takes
étions,were
politique,Politics
chaussures,shoes
langue,tongue
mangé,eat
douleur,pain
planète,planet
offrir,to offer
règles,rules
drogue,drug
réalité,reality
bus,bus
enfoiré,Motherfucker
dirais,say
permis,allowed
vécu,lived
chapeau,hat
île,Isle
réunion,meeting
soient,are
contraire,contrary
tony,tony
mettez,put
nick,nick
arrivera,to arrive at
excuser,excuse
code,coded
couleur,color
rapide,quick
raconte,recount
papier,paper
discuter,to discuss
opération,operation
cartes,cards
nourriture,food
entier,whole
nécessaire,necessary
frais,costs
toilettes,bathroom
spécial,special
vaisseau,vessel
action,action
princesse,Princess
magasin,store
copain,boyfriend
sache,know
bu,drank
steve,steve
découvert,discovered
pain,bread
mignon,cute
taille,cut
sacré,sacred
rends,thank
eddie,eddie
double,double
viendra,will come
imbécile,imbecile
essaye,try
champ,field
personnel,staff
client,customer
lait,milk
contrat,contract
partis,gone
sexe,sex
mienne,mine
repas,meal
mémoire,memory
destin,destiny
direction,direction
dors,sleep
faite,done
pleurer,cry
couteau,knife
malin,malignant
remettre,to put back
ray,ray
témoin,witness
restes,remains
mètres,meters
trésor,treasure
gosses,kids
aiment,like
washington,Washington
habite,reside
foi,faith
puisque,since
apporté,brought
solution,solution
trouvez,find
nouveaux,new
réfléchir,think
choisir,Choose
goût,taste
remercie,thank
détruire,destroy
université,university
doux,soft
beaux,beautiful
raconter,to tell about
vitesse,speed
menti,lied
três,very
procès,trial
enceinte,pregnant
amuser,amuse
niveau,level
vus,seen
miss,Miss
fermer,to close
arranger,arrange
end,end
clients,clients
rappeler,recall
Alex,Alex
failli,bankrupt
arbre,tree
papiers,papers
Sarah,Sarah
mérite,deserved
différence,difference
travaillé,work
disons,let's say
bleu,blue
dise,tell
aimait,loved
appelles,call
espace,space
caméra,camera
censé,supposed
qu,that
piste,track
sourire,to smile
courir,to run
accepter,accept
retrouvé,found
charles,charles
jambe,leg
angleterre,England
quels,what
préparer,to prepare
marre,fed up
forces,strengths
tirez,pull
énorme,huge
Danny,Danny
trés,very
invité,guest
rentré,returns
officier,officer
pièces,rooms
lettres,letters
file,file
programme,program
tommy,tommy
arrêt,stop
fout,fout
balles,bullets
flingue,gat
chasse,hunt
regrette,sorry
to,to
propres,own
victime,victim
appartient,belongs
france,France
unique,unique
régler,adjust
moindre,lesser
compter,to count
voitures,Car
énergie,energy
fil,wire
lycée,high school
crise,crisis
stop,stop
image,picture
vérifier,to verify
dimanche,Sunday
appareil,device
justement,exactly
richard,richard
noms,names
million,million
cassé,broken
enlever,to take off
clés,Keywords
noire,black
man,man
dépend,depends
derniers,last
doigts,fingers
réponds,answer
honnête,honest
prouver,to prove
preuves,evidence
durant,during
souris,mouse
entendez,hear
lever,raise
oiseau,bird
belles,beautiful
oû,Where
apporte,brings
grandes,great
morceau,piece
bobby,bobby
bougez,move
amène,bring
interdit,forbidden
présence,presence
récupérer,to recover
quelles,what
manqué,lack
cou,neck
venait,had
étage,stage
regard,look
bouger,to move
finalement,ultimately
couper,to cut
urgence,emergency
perds,lose
points,points
meurt,dies
partons,leave
troisième,third
savons,know
folie,madness
ancien,old
chante,sung
obtenir,get
répète,say again
toit,roof
humains,humans
robert,robert
jardin,garden
métier,job
poche,poached
méchant,bad
paradis,paradise
proche,close
rejoindre,to rejoin
lors,during
nombre,number
crains,fear
règle,rule
frapper,to hit
intention,intention
succès,success
forte,strong
gentille,gentle
campagne,campaign
raisons,reasons
malgré,despite
alcool,alcohol
regardé,look at
jerry,jerry
billets,tickets
fantastique,fantastic
lee,lee
théâtre,theater
vôtre,your
samedi,Saturday
pluie,rain
fermé,firm
relation,relationship
frappé,hit
restaurant,restaurant
douce,gentle
maladie,disease
parlait,speaking
raté,missed
casse,broken
dessous,below
pourrai,could
victoire,Victoire
voudrait,would
remarqué,remark
assurer,to assure
pleure,cry
bouteille,bottle
gare,station
carrière,career
sentiments,feelings
suivi,followed
vies,lives
fiston,son
vendu,sold
attendant,Meanwhile
pourras,able
amoureuse,in love
mens,mens
falloir,to need
chinois,Chinese
étranger,foreigner
appelait,called
assure,assures
étant,being
queue,tail
odeur,odour
enlève,removes
produit,product
meurs,die
secrets,secrets
pression,pressure
fatigué,tiredness
aies,hast
plage,Beach
okay,okay
animal,animal
frappe,hit
montagne,Mountain
coffre,chest
passage,passage
suivant,next
signal,signal
discours,speech
cents,cents
claire,Claire
g,g
rivière,river
costume,suit
prendra,will take
souhaite,wish
hasard,chance
journaux,newspapers
aveugle,blind
lis,read
demandez,ask
retraite,retirement
afin,in order to
vendredi,Friday
van,van
auraient,would
obligé,obligatory
major,Staff
neige,snow
remercier,to thank
fusil,musket
gardes,guards
faible,low
pauvres,poor
noirs,black
gâteau,cake
cesse,constantly
parfaitement,perfectly
excuses,apology
viande,meat
ministre,Minister
univers,universe
vienne,Vienna
utile,useful
demandais,asked
crétin,dumbass
gaffe,gaffe
cache,hidden
disant,saying
décider,decide
dort,sleeps
gaz,gas
blancs,whites
connaissance,awareness
vouliez,wanted
jake,jake
vidéo,video
bataille,battle
vive,viva
anna,anna
martin,martin
iui,iui
os,bone
entend,hears
jeux,games
will,will
verras,see
date,dated
échapper,escape
naissance,birth
droits,rights
assassin,assassin
attendu,expected
montez,mount
nouvel,new
pensent,think
génie,genius
sérieusement,seriously
cible,target
prépare,prepare
agir,to act
militaire,military
futur,future
attraper,to grab
bal,ball
europe,Europe
californie,California
donnez,give
cousin,cousin
vert,green
poids,weight
volonté,will
ventre,stomach
accepte,accepted
amené,bring
recevoir,to receive
inquiétez,worry
perd,loses
autrement,other
informations,news
titre,title
célèbre,famous
couple,couple
sexy,sexy
serons,will
certaine,some
parlons,let's talk
star,star
étoiles,stars
rome,Rome
los,the bone
répondu,answered
resté,rest
charmant,charming
puissant,powerful
zéro,zero
genoux,knees
mine,mine
couilles,balls
pilote,pilot
maria,maria
style,style
ramène,brings back
voulons,want to
embrasser,to kiss
amener,to bring
valeur,value
fortune,fortune
reprendre,to resume
revenez,return
vieil,old
walter,walter
servi,served
arrivés,arrived
lève,survey
voleur,thief
côtés,sides
chris,chris
note,note
préféré,prefer
couché,layer
milliers,thousands
aéroport,airport
prévenir,to inform
château,Chateau
apparemment,apparently
gardez,keep
privé,private
détails,details
larry,larry
direct,direct
reposer,to rest
commande,ordered
cherchez,looking
fer,iron
conduit,pipe
conscience,consciousness
oreilles,ears
conversation,conversation
regardes,look
joues,play
ennemis,enemies
attendent,wait
article,article
dieux,gods
talent,talent
aise,easy
poulet,chicken
passée,past
comprend,understand
gorge,throat
feras,shalt
tribunal,court
découvrir,to discover
agréable,pleasant
jette,throws
test,test
emmerde,hassle
détruit,destroy
nerveux,nervous
saint,Holy
marrant,funny
joindre,join
sentiment,feeling
lance,spear
humaine,human
acte,act
jane,jane
pis,udder
enculé,cocksucker
tuée,killed
saura,will know
doigt,finger
pourrez,can
passera,will pass
horreur,horror
comptes,accounts
dernières,latest
violence,violence
fumer,to smoke
invités,guests
parlais,speaking
job,job
salon,salon
défendre,defend
mariés,married
rock,rock
apporter,to provide
coupé,cut
repos,rest
paquet,package
page,page
utilise,uses
victimes,victims
sage,wise
aidé,help
intelligent,clever
ombre,shadow
vache,cow
désert,desert
forêt,Forest
parfaite,perfect
tombée,fall
extérieur,outside
entré,Between
série,series
concerne,concerning
paroles,words
dira,tell
it,it
champion,champion
fbi,FBI
lundi,Monday
moteur,motor
ouverte,opened
mince,thin
al,al
russe,Russian
grandi,grown up
rappelles,remember
dormi,slept
ordinateur,computer
in,in
angeles,angeles
accepté,accepted
désormais,from now on
acteur,actor
membres,members
trouvée,found
pete,pete
surpris,surprised
miracle,miracle
vole,Fly
manquer,to lack
franchement,frankly
apprécie,appreciate
cigarette,cigarette
chemise,shirt
mark,mark
tente,attempted
faisant,making
billet,ticket
reculez,step back
moyens,means
importante,important
unité,unity
champagne,Champagne
pensait,thought
www,www
partager,to share
smith,smith
minuit,midnight
américaine,American
courses,racing
puissance,Powerful
william,william
nombreux,numerous
réparer,to fix
caché,hidden
haute,high
sommeil,sleep
essence,gasoline
riches,rich
lac,Lake
maire,mayor
mode,fashion
vingt,twenty
reviendra,will come back
pousse,shoot
amusant,amusing
passez,skip
services,services
doc,doc
rues,streets
of,of
risques,risks
émission,issue
leçon,lesson
annonce,announcement
plans,Plans
usine,factory
louis,louis
imaginer,to imagine
chauffeur,driver
marque,Mark
parc,Park
épée,sword
fesses,buttocks
échange,exchange
souvenirs,memories
créer,to create
senti,felt
signer,sign
artiste,artist
jeté,thrown
réveiller,wake
hiver,winter
également,also
hum,hum
souffle,breath
vrais,real
arbres,trees
saute,jumped up
fuir,to run away
meme,same
battu,beaten
permission,permission
casser,to break
chicago,Chicago
allemands,German
utilisé,in use
mentir,lie
souci,worry
é,ed
coûte,cost
paye,paid
tres,very
offert,Free
sir,sir
no,No.
chair,flesh
caisse,box
supplie,beseech
dégagez,untap
raconté,recount
andy,andy
lunettes,eyeglasses
chouette,owl
menteur,liar
trouvera,will find
semblant,show
ignorais,ignorant
perdue,lost
whisky,whiskey
rentrez,come back
premiers,first
pantalon,trousers
menace,threatens
racontes,talking
douche,shower
oiseaux,birds
finie,finished
auront,will
débarrasser,get rid of
membre,member
perte,loss
verrez,see
front,forehead
lèvres,lips
mai,may
fac,uni
allo,Hello
connaissais,knew
gouverneur,governor
monnaie,cash
chou,cabbage
achète,bought
thomas,thomas
secrétaire,Secretary
montré,show
jones,jones
écris,write
parlent,talk
chaise,chair
herbe,grass
créé,created
manteau,coat
chocolat,chocolate
pause,pause
côte,rating
abandonner,to give up
policier,police officer
patient,patient
dave,dave
études,studies
ballon,ball
mène,leads
respire,breathe
mouvement,movement
suicide,suicide
japonais,Japanese
accès,access
tienne,yours
laisserai,leave
poupée,doll
innocent,innocent
allés,gone
identité,identity
véritable,true
simon,Simon
devenue,become
totalement,totally
piège,trap
gloire,glory
pourraient,could
abri,shelter
explique,Explain
rapidement,quickly
fonctionne,works
boy,boy
foule,crowd
pensées,thoughts
maisons,houses
fantôme,Phantom
source,source
lancer,launch
suit,follows
changement,change
choc,shock
veste,jacket
attaquer,attack
faveur,favor
oreille,ear
touchez,touch
malheureusement,Sadly
soudain,suddenly
tués,you are beautiful
bref,Short
malheur,misfortune
portable,portable
chaleur,heat
mensonge,lie
répondez,answer
heureusement,Fortunately
emploi,use
lois,laws
nettoyer,to clean
attrape,catch
geste,gesture
verrai,see
notes,Notes
plat,flat
etait,was
corde,rope
sacrée,sacred
cherches,looking
siècle,century
etat,state
distance,distance
refusé,refuse
mars,March
saison,season
bel,beautiful
monté,mounted
idiote,idiot
recherches,research
alerte,alert
ennuie,bored
christ,Christ
remonte,traced back
plaisante,joking
city,city
bat,beats
images,imagery
voulaient,wanted
titres,securities
alice,alice
couverture,blanket
moments,time
big,big
mesure,measure
atteindre,to reach
singe,monkey
pistolet,gun
frontière,frontier
réel,real
réfléchi,reflexive
somme,sum
agents,agents
ours,bear
prisonniers,captives
évidemment,obviously
afrique,Africa
allemand,German
dan,dan
couche,lying down
relations,relationship
texas,Texas
delà,of the
celles,those
navire,ship
deviens,become
bite,cock
laisses,leashes
dirige,directed
partenaire,partner
aube,dawn
demi,half
affreux,awful
camarade,comrade
street,street
inquiéter,worry
tableau,painting
fatiguée,weary
entreprise,company
demandes,requests
nana,girl
re,D
coincé,stuck up
tenu,tenuous
viré,fired
suspect,suspect
reconnais,recognize
ressens,feel
juif,Jewish
directement,directly
mexique,Mexico
cherché,look for
marine,Marine
prisonnier,prisoner
finit,ends
howard,howard
étoile,star
jean,Jeans
convaincre,to convince
filer,spin
kevin,kevin
bosse,bump
pousser,to push
protection,protection
signé,sign
crier,to cry out
rêvé,dream
respirer,to breathe
propriétaire,owner
prêtre,priest
donnes,give
taire,to hush up
permettre,to permit
prudent,careful
carl,carl
commis,clerk
chaîne,chain
copains,friends
sec,dry
cauchemar,nightmare
laver,wash
hollywood,hollywood
jeff,jeff
réfléchis,thoughtful
trompe,deceived
hais,hate
immeuble,building
supporter,support
soi,self
bagages,baggage
tir,shoot
traverser,to cross
commissaire,commissioner
mac,mac
donnerai,give
reviendrai,return
larmes,tears
déranger,to bother
Arthur,Arthur
pigé,cottoned
réserve,Reserve
adam,Adam
volant,flying
uniforme,uniform
st,st
croient,believe
différents,different
souffrir,to suffer
maudit,damn
valise,suitcase
prendrai,take
assurance,assurance
abandonné,abandoned
dames,ladies
lendemain,the following day
navré,heartbroken
prennent,takes
sénateur,senator
roule,rolled
montagnes,mountains
lapin,rabbit
juifs,Jewish
amuse,amused
espérais,hoped
fleur,flower
merveilleuse,wonderful
tournée,tour
scott,scott
information,information
foyer,foyer
tourné,turned
personnage,character
permettez,allow
amitié,friendship
hâte,haste
opinion,opinion
curieux,curious
concert,concert
enfance,childhood
extraordinaire,extraordinary
davantage,any further
saviez,knew
chargé,charge
porc,pork
recommence,start again
chèque,check
piano,piano
jouez,play
océan,ocean
ayant,having
go,go
pattes,paws
ravie,thrilled
trace,trace
réveillé,wake up
miles,miles
soupe,Soupe
sucre,sugar
écoutes,plays
vierge,Virgin
mauvaises,bad
objet,object
adorable,adorable
chine,China
sonne,sounds
envoyez,send
réputation,reputation
kate,kate
sport,sport
brave,brave
lieux,places
brûle,burns
russes,Russian
murs,walls
second,second
etes,are
facilement,easily
troupes,troops
titrage,titration
canon,gun
bague,Ring
bâtiment,building
seraient,would
cellule,cell
Susan,Susan
survivre,to survive
trouverai,find
printemps,spring
voisins,neighbors
nuits,nights
chances,odds
contrôler,control
compliqué,complicated
voyais,see
retirer,to withdraw
ancienne,Ancient
théorie,theory
avancez,advance
studio,studio
exploser,explode
explosion,explosion
fiancée,fiancee
évident,obvious
gardé,keep
accusé,accused
Annie,Annie
témoins,witnesses
désir,desire
humanité,humanity
amen,Amen
magie,magic
restera,will stay
palais,palace
cirque,circus
cinglé,crazy
conduis,lead
sales,dirty
traces,footsteps
station,station
construire,to build
joey,joey
siège,seat
Kelly,Kelly
semblait,appeared
vivants,living
voient,see
représente,represented
sombre,dark
lourd,heavy
lá,the
familles,families
égal,equal
surveille,monitors
terme,term
gêne,uncomfortable
poule,chicken
pére,father
devraient,should
soif,thirsty
haine,hatred
Rachel,Rachel
Jason,Jason
surveiller,to watch
ted,ted
marin,marine
procureur,prosecutor
traité,treaty
vivent,live
chansons,songs
souvenez,remember
entière,complete
résultat,results
préparé,prepare
top,top
enchantée,Nice to meet you
gardien,Guardian
traite,treaty
avancer,moving forward
commun,common
pêche,peach
tien,yours
posé,laid
libérer,to free
gamins,kids
taule,slammer
retournez,return
médicaments,medications
matériel,equipment
crâne,skull
région,region
débile,stupid
science,science
délicieux,delicious
privée,private
créature,creature
ho,ho
ed,ed
king,king
liquide,liquid
réglé,rule
gay,gay
apprend,learn
quant,as to
péché,peach
répéter,repeat
auprès,with
tâche,task
devine,guess
mener,lead
vente,sale
plu,enjoyed
joueur,player
modèle,model
aurons,will
up,up
mensonges,lies
fermez,close
traiter,to treat
secteur,sector
soyons,let's
barre,Rod
appelée,called
projets,projects
roman,novel
veille,standby
étudier,to study
tenue,outfit
physique,physical
passait,going
concours,competition
jaune,yellow
inconnu,unknown
victor,victor
vision,vision
black,black
lentement,slowly
surface,area
dick,dick
com,com
matt,matt
kilomètres,kilometers
baise,fuck
x,x
sers,serve
abandonne,abandoned
vivante,alive
spéciale,special
prof,teacher
poissons,Pisces
bosser,work
cherchais,looking
my,my
empire,empire
cigarettes,cigarettes
amies,friends
aventure,adventure
responsabilité,responsibility
sauve,Safe
devrions,should
lucy,lucy
atteint,hit
infirmière,nurse
humeur,mood
descendez,down
résultats,results
tenté,attempted
baisse,decrease
mn,mn
rare,rare
empreintes,fingerprints
proches,relatives
sauvage,Savage
virer,fire
fumée,smoke
lisa,lisa
engagé,engaged
romantique,romantic
cloche,Bell
brian,brian
magique,Magic
chers,Dear
comité,committee
choisis,choose
voila,here
jaloux,jealous
divorce,divorced
lord,lord
données,data
détective,detective
rouges,red
fred,fred
ambulance,ambulance
rentrée,return
port,Harbor
anne,anne
roy,roy
cochon,pig
enfuir,escape
devra,will
francisco,francisco
ménage,housework
roger,roger
particulier,particular
journaliste,journalist
croix,cross
pareille,like
royaume,kingdom
disparaître,vanish
jus,juice
comte,county
sainte,holy
soucis,worry
allemagne,Germany
patience,patience
fallu,took
net,net
suivez,follow
panique,panic
q,q
morceaux,parts
construit,built
crédit,credit
rater,to fail
normale,par
attendait,expected
bye,bye
fromage,cheese
embrasse,embrace
complet,full
bouffe,food
boutique,shop
seriez,would
recommencer,restart
scénario,scenario
jeudi,Thursday
endroits,places
brûler,to burn
nommé,appointed
mardi,Tuesday
hall,lobby
réalisé,realized
terry,terry
passion,passion
enlevé,removed
profond,deep
télévision,television
abruti,fool
réussir,to succeed
répond,respond
red,red
emmené,driven
cadeaux,gifts
remonter,ride up
accompagner,accompany
johnson,johnson
différente,different
tromper,to trick
pot,pot
lien,link
serpent,snake
imaginez,imagine
excusez,excuse
trompé,deceived
cadavre,corpse
bouton,button
cancer,Cancer
descend,down
centaines,hundreds
poussière,dust
piscine,pool
entraînement,coaching
terminée,completed
tapis,carpet
esprits,minds
phil,phil
inviter,invite
œuvre,work
imagination,imagination
chut,hush
park,park
existence,existence
empereur,emperor
décide,decided
eric,eric
ascenseur,lift
criminel,criminal
révolution,revolution
principal,main
terres,land
charmante,lovely
promesse,promise
période,period
craint,fears
croyait,thought
courrier,mail
récemment,recently
écran,screen
anciens,old
cris,shouting
passes,passes
combattre,combat
réveille,wake up
feront,will
élevé,raised
têtes,heads
souffre,suffer
quiconque,whoever
malheureux,unfortunate
césar,Caesar
arrives,arrived
empêche,stop
brisé,broken
garage,garage
russie,Russia
Jackson,Jackson
bêtes,beasts
tenter,to attempt
excellente,excellent
passent,spend
ferez,will
pub,pub
logique,logic
version,version
permet,allow
parte,parte
temple,temple
section,section
rythme,rhythm
propriété,property
étrangers,foreign
finis,finished
erreurs,errors
feriez,would
propose,offers
examen,exam
nation,nation
approchez,approaching
différentes,different
traduction,translation
reconnu,recognized
cap,cape
meurtres,murders
courageux,brave
profiter,enjoy
juré,sworn
miel,honey
poil,hair
rapports,reports
chic,chic
fonds,funds
aimerait,would
sable,sand
lutte,struggle
fière,proud
is,is
japon,Japan
douze,twelve
labo,lab
ya,ago
agence,agency
cependant,However
indiens,Indian
donnera,will give
restent,remain
ceinture,belt
seins,bosom
étonnant,surprising
uns,each
nourrir,to feed
inventé,invented
sérieuse,serious
ment,is lying
pratique,convenient
invite,invites
potes,friends
meurtrier,murderer
vegas,vegas
idéal,ideal
maîtresse,teacher
central,central
fume,smoke
équipage,crew
brillant,bright
trouvent,find
crie,calls out
laura,laura
commission,commission
nager,swim
boit,drinking
bombes,bombs
figure,figure
revolver,revolver
crème,cream
rat,rat
tempête,storm
refaire,remake
née,born
supporte,supports
crever,die
conduite,conduct
lci,lci
brown,brown
pure,clean
traitement,treatment
porté,door
voyait,saw
cabine,cabin
fuite,leak
nationale,national
estomac,stomach
machines,machinery
julie,julie
couloir,corridor
emily,emily
ouah,Wow
bijoux,jewelry
lâcher,release
acteurs,cast
sentez,feeling
couleurs,colors
naturel,natural
travaillait,was working
Wilson,Wilson
incendie,fire
camarades,comrades
chute,fall
accompagne,accompanied
passés,past
médecins,doctors
revenue,returned
peinture,painting
reconnaître,to acknowledge
dollar,dollar
coupez,cut
prénom,first name
puce,chip
pur,pure
prier,pray
actions,stock
voisin,neighbor
officiers,officers
prévenu,warned
chaude,hot
bains,baths
démon,Devil
pierres,stone
miroir,mirror
forcément,necessarily
lumières,lights
actrice,actress
jouait,played
vérifie,checked
comportement,behviour
avoue,confesses
aient,have
buvez,drink
calmer,calm
amy,amy
technique,technical
nôtres,ours
obtenu,got
autrefois,in the old days
parlera,talk to
Ryan,Ryan
boss,boss
parier,to bet
correct,correct
septembre,September
libres,free
affronter,face
doué,gifted
appellent,call
repose,rests
conditions,terms
parfum,perfume
protège,protected
tasse,Cup
pensée,thought
salaire,salary
bagnole,wagon
infos,information
jolies,pretty
récompense,reward
kim,kim
essayons,try
ordinaire,ordinary
jeunesse,youth
musée,Museum
bébés,babies
chuck,chuck
plaisantes,pleasant
absence,absence
aiors,came to pass
échappé,escaped
fausse,fake
jury,jury
étudiants,students
approcher,approach
espagne,Spain
aprés,after
blonde,blonde hair
condition,condition
race,race
vend,sells
absurde,absurd
masque,mask
appellerai,call
pardonner,to forgive
pouvoirs,powers
laissée,left
annoncer,announce
origine,origin
el,el
apprends,learn
poitrine,chest
tape,slap
remis,handed
couvert,covered
large,large
prenons,take
pressé,hurry
nu,naked
loup,Wolf
urgent,urgent
attente,waiting
bêtises,foolery
appels,call
mystère,mystery
travailles,are working
vélo,bike
vends,sell
armé,armed
réaction,reaction
flotte,fleet
bleue,blue
foot,football
foutez,kidding
virus,virus
oeufs,eggs
élève,student
daniel,daniel
êtres,beings
vengeance,revenge
stan,stan
essayais,tried
minable,seedy
cérémonie,ceremony
gordon,gordon
uniquement,uniquely
salauds,bastards
alan,alan
froide,cold
helen,helen
portée,scope
disque,disk
attaqué,attack
résoudre,to resolve
moche,ugly
scientifique,scientist
colle,glue
lady,lady
maximum,maximum
déclaration,declaration
installer,to install
blessés,wounded
effort,effort
iras,go
commandement,commandment
panne,breakdown
visiter,to visit
disiez,tell
venais,came
pointe,point
moque,laughs
chambres,bedrooms
convaincu,convinced
raisonnable,reasonable
aiiez,aiiez
rencontrés,met
qualité,quality
aimée,loved
irait,would
épousé,marry
attitude,attitude
joseph,joseph
esclave,slave
milliards,billion
guide,guide
oeuvre,work
humour,humor
bible,Bible
boule,ball
sacs,bags
avocats,lawyers
yo,yo
meurent,die
connaissait,knew
union,union
ex,ex
sally,sally
blesser,to injure
taylor,taylor
maggie,maggie
perdus,lost
malades,ill
jungle,jungle
jugement,judgement
essai,test
écrivain,writer
digne,worthy
survécu,survived
julia,julia
vérifié,checked
linda,linda
brûlé,burnt
noble,noble
sauté,jumped up
gâcher,mess
inquiet,worry
enterrement,burial
prenne,take
site,site
engager,to hire
rayon,Ray
traîner,drag
rang,rank
traître,traitor
berlin,Berlin
parlant,speaking
orange,orange
jenny,jenny
voudras,will want
sentais,Smelt
bourse,stock Exchange
élèves,students
manques,shortages
faisaient,were doing
partage,share
légende,legend
cave,cellar
voleurs,thieves
fruits,fruits
préviens,forewarn
connaissent,know
venant,from
policiers,police
paire,pair
pommes,apples
meilleures,best
cassette,cassette
sommet,Mountain peak
remplacer,to replace
objets,objects
idiots,idiots
cage,cage
saurais,know
limite,limit
ailes,wings
explication,explanation
ô,oh
bond,jump
floride,Florida
travaillez,working
carter,box
conseiller,to advise
portait,wore
condamné,sentenced
voyant,seeing
recule,recedes
bénisse,bless
associé,associate
auteur,author
écouté,listen
sorcière,witch
edward,edward
livrer,deliver
plainte,complaint
réellement,Actually
albert,albert
adulte,adult
pile,battery
communauté,community
mandat,mandate
éducation,education
ramené,brings back
réponses,responses
bagarre,fight
escalier,stairs
naturellement,naturally
désire,longed for
lignes,lines
incident,incident
kilos,kilos
rats,rats
quinze,fifteen
parties,parts
véhicule,vehicle
wayne,wayne
chasser,hunt
bottes,boots
objectif,objective
patients,patients
suivante,next
respecte,respects
attrapé,caught
junior,junior
colline,hill
professionnel,professional
devoirs,homework
conseils,advice
effets,effects
fichu,damn
blessure,injury
messages,posts
baby,baby
crimes,crimes
moscou,Moscow
villes,cities
voudra,want
moto,motorbike
domaine,domain
organisation,organization
aimable,friendly
forts,strong
eue,had
exercice,exercise
voyager,travel
arrestation,arrest
fasses,fasses
pizza,pizza
barbe,beard
french,french
dossiers,records
tunnel,tunnel
voudrez,want
arrivait,was coming
roses,roses
amiral,admiral
cabinet,office
mére,mother
poursuivre,to pursue
forcé,strength
huile,oil
grosses,large
ranger,tidy
furieux,mad
vivait,lived
aidera,help
géant,giant
tim,tim
tours,towers
retire,took of
vote,vote
autorisation,authorisation
risqué,risk
hitler,Hitler
rond,round
show,show
territoire,territory
venger,revenge
exprès,on purpose
tuerai,kill
anges,angels
classique,classical
soutien,support
rentres,come home
tokyo,tokyo
proposition,proposal
love,love
tests,tests
pétrole,oil
réaliser,to achieve
sortira,released
soirs,night
ministère,ministry
magazine,magazine
verres,glasses
échec,failure
vieilles,old
pourrions,could
bol,bowl
plaire,to please
miller,miller
respecter,respect
cons,cons
golf,golf
bibliothèque,library
attirer,to attract
drapeau,flag
possède,possesses
production,production
conférence,conference
efforts,efforts
pere,father
putains,whores
précieux,precious
religion,religion
rêver,dream
épreuve,test
retenir,to hold onto
football,soccer
Frankie,Frankie
échoué,failed
pisser,piss
Barry,Barry
sortes,kinds
circonstances,circumstances
kong,kong
mignonne,cute
excellence,Excellency
auto,car
do,do
vague,wave
arrêtes,stop
nôtre,our
vallée,valley
Morgan,Morgan
enterré,buried
tandis,while
duc,duke
pêre,father
assassiné,killed
ooo,ooo
charme,charm
quart,quarter
arrangé,fixed
guitare,guitar
remplir,to fill
Sophie,Sophie
crève,bursts
Jesse,Jesse
Bruce,Bruce
Sara,Sara
refuser,refuse
donnent,give
Luke,Luke
taper,type
critique,critical
secrète,secret
terminer,to end
hauteur,height
comédie,comedy
cimetière,graveyard
baisé,fucked
cardiaque,cardiac
Catherine,Catherine
chiffres,figures
fêter,to celebrate
trouverez,find
indien,Indian
altesse,highness
occupée,occupied
intelligente,smart
culture,culture
deviner,to guess
géniale,great
limites,limits
Nancy,Nancy
précis,precise
éternité,eternity
ball,ball
plateau,plateau
prises,taken
viendrai,will come
rempli,completed
clairement,clearly
intérêts,interests
langage,speech
aides,aids
feux,fires
Betty,Betty
copie,copy
profondément,deeply
fâché,angry
incapable,unable
mercredi,Wednesday
souffrance,pain
avouer,confess
mile,mile
posez,place
lion,Lion
ali,ali
soigner,to tend to
fenêtres,Windows
pue,stinks
électrique,electric
italien,Italian
traversé,through
réception,reception
énerve,irritated
rentrons,returned
couvrir,cover
fonce,dark
Harvey,Harvey
Kyle,Kyle
produits,products
loyer,rent
grace,Grace
bleus,blue
assistant,assistant
cervelle,brain
trente,thirty
yeah,yeah
saches,know
national,national
avenue,Avenue
evidemment,obviously
reçois,get
cité,cited
liaison,connection
prouve,proves
collier,necklace
aprês,after
séance,session
placard,cupboard
criminels,criminals
irais,go
riz,rice
sandwich,sandwich
boston,Boston
parlerai,will speak
places,seats
stade,Stadium
gagnant,winner
moral,moral
tendre,tender
fleuve,River
mêre,mother
stanley,stanley
trouvait,was
auparavant,previously
personnellement,personally
fièvre,fever
champs,fields
tuera,kill
chatte,cat
actes,actions
restait,remained
amant,lover
concernant,regarding
las,the ace
ferons,will
cherchent,they search
tenait,held
exécution,execution
ann,ann
lou,lou
pédé,homosexual
prière,pray
hélas,Alas
sortent,out
bateaux,boats
allaient,going
durer,last
assise,seated
alarme,alarm
commencez,start
furent,were
prenait,taking
brad,brad
entièrement,entirely
médecine,medicine
juillet,July
sortis,out
sensible,sensitive
poudre,powder
finale,final
plais,take pleasure
durs,hard
discussion,discussion
séparer,to separate
esclaves,slaves
instructions,instructions
beurre,butter
documents,Documents
taré,tare
rick,rick
détail,detail
baron,baron
mettent,put
congrès,Congress
épaule,shoulder
poison,poison
final,final
métro,Metro
attendrai,wait
serment,oath
chan,chan
pardonne,forgiven
espagnol,Spanish
supérieur,superior
w,w
degrés,degrees
rires,laughs
west,west
parker,parker
tuez,kill
œufs,eggs
fiancé,fiance
nerfs,nerves
portefeuille,wallet
robot,robot
internet,Internet
expert,expert
hank,hank
surveillance,oversight
foutue,damn
rita,rita
réalisateur,director
entraîner,train
martha,martha
descendu,down
patrick,patrick
comté,county
congé,leave
finira,will end
caméras,cameras
sauce,sauce
balance,balance
destruction,destruction
moderne,modern
Carlos,Carlos
extrêmement,extremely
âmes,souls
expression,expression
marchera,walk
commerce,trade
ivre,drunk
salopard,bastard
appétit,appetite
dette,debt
all,all
promener,to take a walk
employés,employees
admettre,admit
producteur,producer
attendons,expect
quittez,exit
brise,broken
wow,wow
juin,June
chats,cats
remets,commit
ajouter,add
couler,to flow
Pasteur,Pastor
alliez,go
portrait,portrait
heu,er
by,by
lancé,spear
diamants,diamonds
donnée,given
avantage,advantage
fidèle,loyal
juger,judge
renseignements,information
gang,gang
loué,rented
réseau,network
ouverture,opening
travaux,works
poussé,driven
division,division
invitation,invitation
repartir,to share out
trous,holes
rappelez,remember
totale,Total
solide,solid
réservé,Reserve
Willie,Willie
autorité,authority
fermée,closed
munitions,ammunition
neveu,nephew
diras,tell
téléphoner,call
briser,to break
siècles,centuries
nerveuse,nerve
bonbons,candy
blé,corn
pourri,rotten
puits,well
fantômes,ghosts
termine,ended
monstres,monsters
écraser,to crush
espérons,hope
bétail,livestock
miens,mine
changera,change
adultes,adults
restée,remained
total,total
fierté,pride
pari,bet
sein,breast
cessez,ceasefire
Elizabeth,Elizabeth
exige,required
étudiant,student
Jackie,Jackie
démarre,started
lâchez,release
Marty,Marty
passons,spend
vic,vic
semblez,seem
gérer,to manage
électricité,electricity
invitée,invited
injuste,unfair
désirez,wish
lampe,lamp
normalement,normally
causer,cause
dalle,slab
mondiale,World
comptez,count
rouler,to roll
filmer,filming
rapporte,reports
sourd,deaf
trouveras,find
alliance,alliance
convient,agrees
rage,rage
habitants,inhabitants
Mamie,granny
nuages,clouds
hmm,hmm
trahi,betrayed
biens,goods
Lewis,Lewis
tournage,shooting
créatures,creatures
militaires,military
blessures,injury
barbara,barbara
Louise,Louise
règlement,settlement
grant,grant
étudié,studied
courez,run
habiller,dress
soeurs,sisters
soins,care
célibataire,single
veuve,widow
Canada,Canada
dépêche,telegram
progrès,progress
dégoûtant,disgusting
fan,fan
matière,matter
avril,April
molly,molly
cercle,circle
Davis,Davis
nucléaire,nuclear
pervers,perverse
échelle,ladder
adorer,love
trouvais,found
orchestre,orchestra
déposer,to file
cadavres,corpses
échappe,escapes
emprunter,to borrow
exprimer,to express
caractère,character
libéré,released
signes,signs
fêtes,holidays
vedette,star
lisez,read
commençons,start
robin,robin
généreux,generous
méchants,bad guys
formation,training
bâton,stick
timide,timid
gentils,friendly
premières,first
passagers,passengers
immense,immense
serviette,napkin
mangez,eat
diriger,lead
passant,passing
Ruth,Ruth
min,min
préférée,favorite
perdez,lose
plaque,plaque
espion,spy
connue,known
eaux,waters
deviennent,become
emporter,to take with
Gary,Gary
cruel,cruel
citoyens,citizens
von,von
tension,voltage
ranch,ranch
Karen,karen
business,business
your,your
organiser,to organise
étonne,surprised
terroristes,terrorists
that,That
micro,microphone
ordure,filth
léger,light
température,temperature
unités,units
populaire,popular
joueurs,players
beth,beth
vincent,vincent
voies,way
regardais,watching
saloperie,trash
traverse,crossing
intelligence,intelligence
expériences,experiences
Miami,Miami
opérations,operations
santa,santa
arrange,arranges
dragon,dragon
sûrs,safe
enterrer,bury
pouviez,could
craindre,to fear
mortel,deadly
issue,outcome
demeure,remains
mouche,fly
donna,gave
octobre,October
commandé,order
passeport,passport
dés,from
couronne,Crown
oublierai,forget
accusation,charge
procédure,procedure
rendez,appointment
objection,objection
retourné,return
relax,take it easy
publique,public
appart,apartment
imagines,imagine
jouent,are playing
inde,India
travaillent,working
essaies,try
Lincoln,Lincoln
psy,psy
Vince,Vince
manuel,manual
étranges,strange
apres,after
nombreuses,many
crainte,fear
fit,made
asile,asylum
cherchait,sought
branche,plugged
groupes,groups
white,white
hop,hop
tradition,tradition
sel,salt
centrale,power plant
déçu,disappointed
tentative,attempt
négatif,negative
autorités,authorities
buter,abut
connerie,bullshit
proposé,offers
manières,manners
plaindre,complain
employé,employee
blessée,wounded
influence,affecting
forcer,force
bonté,goodness
Marcus,Marcus
CIA,CIA
sauvages,wild
personnelle,personal
couvre,covers
coucou,Cuckoo
audience,audience
out,out
savaient,knew
entretien,maintenance
bouffer,eat
ouai,yeah
impressionnant,impressive
acier,steel
renvoyer,return
salade,salad
collègues,colleagues
chefs,heads
guérir,to cure
entendue,heard
sœurs,sisters
êtait,was
semblent,appear
participer,to participate
coule,flows
dépasse,outrun
réunis,together
plairait,would please
enlevez,remove
trompes,tubal
résister,resist
technologie,technology
patrie,country
conséquences,consequences
Margaret,Margaret
cousine,female cousin
habits,clothes
splendide,splendid
Ross,Ross
pipe,pipe
abattu,beaten down
cran,guts
nue,naked
tuyau,pipe
accueillir,to welcome
découverte,discovery
arracher,to tear out
régime,diet
reçoit,receives
album,album
levez,lift
piqué,dive
original,original
remise,delivery
allume,alight
promotion,promotion
juan,juan
examiner,look
franc,franc
filé,yarn
éteint,off
canapé,sofa
commander,order
dessin,design
guère,hardly
interroger,question
oscar,Oscar
paraître,look
découvre,finds
département,department
vise,aims
obéir,to obey
renforts,reinforcement
lily,lily
événements,events
innocents,innocent
ç,vs
organisé,organized
sain,healthy
devras,will have
reprends,resume
goutte,drop
cole,cole
souffert,suffered
excitant,exciting
façons,manners
saurai,know
charlotte,charlotte
sou,sou
réveil,awakening
ken,ken
benny,benny
usa,USA
volée,flight
préférerais,rather
suprême,supreme
tarte,tart
changent,change
revienne,return
solitaire,solitary
cravate,tie
rocky,rocky
vérifiez,check
ose,dare
souper,supper
événement,event
remarque,remark
chevalier,knight
suffisamment,enough
charger,load
produire,produce
repris,taken back
record,record
carol,carol
williams,williams
jo,jo
préparez,ready
garce,bitch
mêle,mixes
étape,stage
motel,motel
pro,pro
autorisé,authorized
principale,primary
clinique,clinical
devenus,become
italie,Italy
intéressante,interesting
jonathan,jonathan
abattre,tear down
ère,time
invisible,invisible
dégâts,damages
clark,clark
élever,raise
suggère,suggests
rigole,laugh
dent,tooth
éclater,to burst
tabac,tobacco
disques,discs
manquait,missing
contacter,contact
valait,worth
fusils,guns
émotions,emotions
queje,that I
publicité,publicity
simples,simple
éléments,items
exception,exception
sincère,sincere
rattraper,catch up
efficace,effective
éteindre,switch off
linge,laundry
goûter,to taste
nathan,nathan
possibilité,possibility
canard,duck
marqué,Mark
caporal,Corporal
déplacer,move
devrez,will
morale,morals
insiste,insists
katie,katie
parking,car park
identifier,identify
pouvaient,could
personnages,characters
cabane,hut
intéressé,interested
stylo,pen
adoré,loved
attaché,attached
cri,shout
kg,kg
angle,angle
séparés,separated
traîne,dragged
instinct,instinct
déclaré,declared
sire,sire
pleut,rains
séjour,stay
ordures,garbage
Raymond,Raymond
délire,delirium
pires,worse
rumeurs,rumors
fauteuil,armchair
coûté,cost
adjoint,deputy
Stephen,Stephen
collègue,coworker
one,one
poches,pockets
novembre,November
illégal,illegal
restons,stay
bonhomme,fellow
appuie,supports
difficiles,difficult
laissera,leave
courte,short
lâ,the
tuent,kill
lot,lot
levé,survey
seules,only
vivez,live
personnalité,personality
leo,leo
scandale,scandal
conclu,concluded
frigo,fridge
admire,admires
aïe,Ouch
tragédie,tragedy
oblige,obligatory
commandes,orders
pénis,penis
boue,mud
dettes,liability
enseigne,teaches
obscurité,darkness
pages,pages
chapitre,chapter
violent,violent
signature,signature
conseille,advises
vendeur,seller
visages,faces
rarement,rarely
essayait,was trying
serré,greenhouse
mères,mothers
tels,such
halte,halt
collection,collection
désastre,disaster
noix,nuts
mourra,die
rejoins,joined
reconnaissance,acknowledgement
blagues,jokes
duke,duke
méthode,method
bienvenu,welcome
donnait,gave
gratuit,free
boîtes,cans
marches,steps
Brooklyn,Brooklyn
valises,bags
enfermé,shut in
gants,gloves
rompu,broken
coïncidence,coincidence
vilain,ugly
poing,fist
britannique,British
dispute,dispute
trahison,treason
téléphoné,telephone
août,August
feuilles,sheets
quatrième,fourth
révérend,reverend
censée,supposed
devaient,were to
placé,square
ténèbres,darkness
enfui,fled
impliqué,implied
vire,fired
pilules,pills
préfères,prefer
for,for
population,population
manges,eat
pleuré,cry
chasseur,hunter
livraison,delivery
reprend,resumes
emporte,prevails
louer,to rent out
mette,put
bizarres,weird
torture,torture
remarquable,remarkable
termes,terms
journalistes,journalists
honnêtement,honestly
câble,cable
longs,long
estime,valued
démons,demons
impôts,taxes
massacre,massacre
pomme,Apple
autoroute,highway
sociale,social
moyenne,medium
ingénieur,engineer
doug,doug
péchés,sins
laissent,leave
tarder,delay
divine,Divine
éloigner,remove
clan,clan
obligée,obliged
xena,xena
merveille,wonder
concentrer,focus
venons,just
opéra,opera
oxygène,oxygen
sexuel,sexual
industrie,industry
aimerai,love
z,z
sortons,go out
accent,accent
lawrence,lawrence
gris,Grey
sean,sean
mesures,measures
batterie,drums
toast,toast
postes,posts
communication,communication
manche,handle
grandir,grow
banques,banks
tonnes,tons
gentleman,gentleman
zut,Damn
numéros,numbers
officiel,official
chariot,cart
otages,hostages
prime,premium
poésie,poetry
annuler,to cancel
jersey,Jersey
chagrin,grief
ellen,ellen
déconne,kidding
fabuleux,fabulous
dennis,dennis
complexe,complex
trafic,traffic
trouille,funk
us,us
débrouiller,untangle
commencent,begin
cinquante,fifty
vraies,real
discute,discusses
communiste,Communist
francs,francs
sacrifice,sacrifice
française,French
foie,liver
statue,statue
résistance,resistance
mettra,will
volontiers,gladly
drogues,drugs
cercueil,coffin
pendu,hanged
ignorer,ignore
tireur,shooter
eut,had
piquer,sting
creuser,to dig
médaille,medal
crée,creates
équipement,equipment
phase,phase
chaos,chaos
salue,welcomes
survie,survival
défi,challenge
trouvés,found
rencontrée,met
boum,bang
longues,long
telles,such
arriverai,arrive
gâché,spoils
harris,harris
brigade,brigade
fiers,proud
ennuyeux,boring
cieux,heavens
contient,contains
aile,wing
oignons,onions
vaches,cows
sensation,sensation
chanceux,fortunate
angela,angela
gamine,lassie
cooper,cooper
cessé,ceased
tina,tina
ressemblait,like
plante,plant
scènes,scenes
solitude,solitude
activité,activity
mobile,mobile
principe,principle
rejoint,joined
économie,economy
armés,armed
plastique,plastic
regardent,look
chant,singing
verte,green
couru,ran
regardait,looked
ford,ford
besoins,needs
terroriste,terrorist
assister,assist
bail,lease
roue,wheel
putes,whores
sachez,know
harold,Harold
amenez,bring
génération,generation
causé,caused
entraîneur,coach
rigoles,channels
amanda,amanda
présenté,present
trompez,deceived
mordu,bitten
vampire,vampire
jacques,Jacques
fans,fans
bourré,stuffed
éliminer,eliminate
enfoirés,motherfuckers
freddy,freddy
bloc,block
pourvu,provided
décisions,decisions
eve,Eve
jacob,jacob
symbole,symbol
croirait,think
sagesse,wisdom
politiques,policies
taux,rate
nègre,Negro
jetez,throw
malédiction,curse
masse,mass
phrase,phrasing
pompes,pumps
reconnaissant,grateful
pension,pension
renoncer,to renouncer
sexuelle,sexual
regardant,watching
ordonne,ordered
four,oven
règne,reign
saut,jump
terreur,terror
avaler,swallow
ongles,nails
pratiquement,virtually
laissons,leave
jalouse,jealous
outils,tools
espérer,to hope
tueurs,killers
terriblement,terribly
charité,charity
prêtes,ready
écriture,writing
oublies,forget
adorent,love
etje,and I
luxe,luxury
irez,go
ambassadeur,ambassador
bush,bush
arrêtera,stop
informer,inform
orage,storm
revenus,earnings
pisse,piss
renvoyé,returned
sachant,knowing
tombes,fallen down
rois,kings
époux,husband
accueil,welcome
relève,reports
judy,judy
aidez,help
môme,kid
diego,diego
atmosphère,atmosphere
routes,roads
ravissante,lovely
coach,trainer
ennui,boredom
suffisant,sufficient
poème,poem
jouets,toys
jennifer,jennifer
usage,use
prières,prayers
revue,review
adaptation,adaptation
suffira,suffice
collège,middle School
singes,monkeys
otage,hostage
apprécier,appreciate
diplôme,diploma
bâtard,bastard
destination,destination
analyse,to analyse
caroline,caroline
demandent,ask
décembre,December
côtes,ribs
casier,locker
fermes,farms
patrouille,patrol
royal,royal
tit,tit
mérites,merits
texte,text
jusque,until
tigre,tiger
çà,that
be,be
médical,medical
ieur,IOR
svp,please
ron,ron
pouce,inch
plaisantez,joking
requin,shark
essentiel,essential
espèces,cash
fruit,fruit
came,cam
cesser,to cease
allen,allen
teddy,Teddy
annulé,canceled
dangereuse,dangerous
poète,poet
nanas,babes
tiendra,will hold
emmenez,take
passerai,pass
automne,fall
habillé,dressed
guerrier,warrior
pique,pike
savon,soap
satisfait,satisfied
sépare,separate
agi,acted
ordonné,ordered
serre,tight
neil,neil
cassée,broken
deviez,need
arts,arts
ramasser,to gather
anthony,anthony
baisser,to lower
pirates,pirates
avertir,to warn
menacé,threatens
so,n
détendre,loosen
rembourser,to reimburse
fabrique,made
métal,metal
expliqué,Explain
lecture,reading
josh,josh
attire,attracted
carrément,downright
irons,go
mere,mother
combats,battles
pensons,think
mélange,mixed
travaillais,working
syndicat,union
queique,queique
indice,index
marines,marine
enverrai,will send
hill,hill
processus,process
joint,joint
ouvriers,workers
marques,brands
dépassé,outmoded
pa,pa
ailles,Ailles
bats,fight
pourront,will
clown,clown
poubelle,trash can
marins,sailors
boisson,drink
vaincre,overcome
combinaison,combination
demandait,asked
testament,will
sonné,sounded
flammes,flames
dégueulasse,disgusting
ø,ø
administration,administration
commissariat,police station
envoyée,sent
green,green
dépose,deposit
lâché,cowardly
réveillée,awake
épaules,shoulders
jay,jay
artistes,artists
culotte,cheeky
vides,empty
er,st
énormément,Verry much
team,team
quittes,quits
accuse,accused
magicien,Wizard
importants,important
direz,tell
fouiller,to frisk
paierai,pay
écoles,schools
cm,cm
reverra,see again
articles,goods
trône,throne
laboratoire,laboratory
Andrew,Andrew
panier,basket
endormi,sleeping
lave,wash
buddy,buddy
cuir,leather
huh,huh
foutus,fucking
resterai,stay
cendres,ashes
stone,stone
environnement,environment
rumeur,rumor
interrompre,interrupt
vaudrait,would
matinée,morning
risquer,risk
tranquilles,quiet
earl,earl
transformer,transform
planté,plant
costumes,costume
mickey,Mickey
machin,thingy
transport,transport
señor,señor
indique,indicated
citoyen,citizen
aurions,would
times,times
viol,rape
particulièrement,particularly
pourrons,can
shirt,shirt
connards,assholes
casino,casino
douter,doubt
pendre,hang
essaierai,will try
accomplir,accomplish
pipi,Pee
allumer,light up
reviennent,return
certes,certainly
dessert,dessert
curiosité,curiousity
fraîche,fresh
lié,bound
maurice,maurice
little,little
disaient,said
vodka,vodka
pétrin,mess
témoignage,testimony
déclare,declared
scientifiques,scientists
coco,coconut
baissez,lower
Anderson,Anderson
censés,supposed
Kansas,Kansas
boules,bowls
sauras,will know
éclair,flash
vain,vain
nuage,cloud
création,creation
anneau,ring
fumier,manure
rio,rio
dose,dose
profonde,deep
étude,study
atelier,workshop
cuisiner,to cook
vaux,dale
malheureuse,unhappy
catholique,Catholic
zoo,zoo
précisément,precisely
talents,talents
activités,activities
importantes,important
bouteilles,bottles
vomir,To vomit
tonnerre,thunder
ned,ned
assuré,insured
plantes,plants
hong,hong
destinée,destiny
plaisanterie,joke
circuit,circuit
piges,rods
Moore,Moore
observer,watch
mines,mines
peindre,to paint
porno,porn
comtesse,countess
casque,helmet
rate,missed
coûter,cost
chacune,each
Jamie,Jamie
parent,relative
dépression,depression
télégramme,telegram
élu,elected
stupides,stupid
pensiez,thought
partant,thus
cash,cash
profite,benefits
caution,bail
serrer,to squeeze
maudite,accursed
intéresser,to interest
écart,difference
inquiètes,worried
oú,Where
évidence,evidence
leçons,lessons
connus,known
etc,etc.
retiré,took of
Greg,Greg
rendent,make
volontaire,voluntary
nid,nest
Oliver,Oliver
he,Hey
prêter,to lend
nichons,tits
capitale,capital city
témoigner,bear witness
équipes,teams
égoïste,self-centered
partent,leave
troupe,troop
sincèrement,truly
regretter,to regret
responsabilités,responsibilities
associés,Related
cigare,cigar
dean,dean
partirai,leave
adversaire,opponent
générale,General
misère,misery
vampires,vampires
grève,strike
Nina,Nina
suisse,Swiss
gâteaux,cakes
diamant,diamond
catastrophe,disaster
meubles,furniture
gus,gus
voyages,traveling
subir,undergo
balade,stroll
allah,Allah
mêler,mix
signez,sign
enveloppe,envelope
ressenti,feeling
führer,fuhrer
gras,fat
arrêtée,arrested
explose,explodes
range,tidy
interview,interview
tombent,fall
confier,entrust
voile,veil
fiches,sheets
embête,bothers
caravane,caravan
affection,affection
Manhattan,Manhattan
éléphant,elephant
blue,blue
vagues,waves
pleins,full
fascinant,fascinating
doutais,doubted
effrayant,frightening
commercial,commercial
rapporter,report
fonction,function
fixe,fixed
arrete,stopped
pères,fathers
circulation,traffic
tennis,tennis
Marc,Mark
navrée,sorry
civilisation,civilization
fameux,famous
retenu,retained
moutons,sheep
draps,sheets
servent,serve
jouais,playing
éternelle,eternal
couches,layers
satellite,satellite
ramasse,picked up
endormir,asleep
fillette,little girl
rendra,make
sujets,topics
remède,remedy
portez,wear
enseigner,to teach
observe,observed
ouverts,open
vues,views
sortait,out
passais,spent
ris,laugh
transfert,transfer
bidon,can
météo,weather report
explosé,exploded
loyauté,loyalty
dignité,dignity
planche,board
améliorer,to improve
hélicoptère,helicopter
civil,civil
liens,connections
vif,lively
maintenir,to keep
Craig,Craig
Vietnam,Vietnam
Claude,Claude
pacifique,peaceful
fringues,clothes
demie,half
onze,eleven
we,we
mangent,eat
connaissiez,know
rares,rare
naturelle,natural
sue,sweats
ricky,ricky
assaut,assault
fâchée,sorry
portent,carry
kay,kay
karl,karl
pareils,like
légal,legal
tracy,tracy
eus,had
pr,pr
civils,civilians
inconnue,unknown
eva,eva
disparition,disappearance
nicky,nicky
steven,steven
pompe,pump
méchante,naughty
lancement,launching
quartiers,neighborhoods
douceur,candy
tendu,tense
feuille,leaf
stuart,stuart
leader,leader
pilotes,pilots
ètait,was
mâle,male
tenais,wanted
royale,Royal
cordes,ropes
arrivez,arrive
bandes,bands
promenade,walk
magnifiques,beautiful
emma,emma
wallace,wallace
veronica,veronica
tv,TV
adn,dna
monseigneur,My lord
meure,die
airs,tunes
emmenée,took
actuellement,currently
peste,plague
Antonio,Antonio
tragique,tragic
médias,media
antenne,antenna
avertissement,Warning
brille,shines
Pedro,Pedro
conflit,conflict
pompiers,firefighters
engin,machine
douée,gifted
oublions,forget
plains,sorry
systèmes,systems
foire,fair
Sonny,Sonny
patiente,patient
coincée,trapped
canons,guns
partira,leave
soutenir,to support
beach,beach
poussez,push
saigne,bleeding
toc,fake
construction,construction
boucher,Butcher
missiles,missiles
compétition,competition
buvons,let's drink
motif,pattern
ambassade,embassy
warren,warren
régiment,regiment
remarquer,to remark
enregistré,checked in
collins,collins
enregistrement,registration
doutes,doubts
sien,his
profit,profit
sammy,doughboy
audition,hearing
lame,blade
opportunité,opportunity
scotch,Scotch
imaginé,conceived
coke,coke
existent,exist
budget,budget
pearl,pearl
basse,low
selle,saddle
déja,already
historique,historical
officiellement,officially
effacer,to erase
loge,box
francis,francis
décrire,to describe
osé,bold
éternel,eternal
serpents,snakes
demanderai,ask
médicament,medication
deviné,guess
armées,armed
promesses,promises
chaînes,chains
sentait,felt
association,association
viennes,come
quai,dock
poker,poker
saleté,dirt
sandy,sandy
ã,To
irak,Iraq
commences,begin
crevé,flat
cuba,Cuba
wendy,wendy
profil,profile
travis,travis
tache,task
viendront,will
étudie,studied
apportez,bring
tribu,tribe
crié,calls out
entraîne,results
héroïne,heroin
changements,change
joan,joan
correctement,correctly
essaient,try
mouvements,movements
atterrir,to land
formes,forms
coca,Coca
fragile,brittle
poignée,handle
cadre,frame
genou,knee
conçu,designed
revu,reviewed
légitime,legitimate
sauvée,saved
déménager,to relocate
conne,bitch
dentiste,Dentiste
aiier,aiier
ondes,wave
ralph,ralph
mené,conducted
discipline,disciplined
évacuer,clear out
parié,bet
bières,beers
arabe,Arab
Russell,Russell
identifié,identified
recevez,receive
cachée,hidden
évite,avoid
dormais,sleeping
utilisez,use
décès,death
guy,guy
get,get
demoiselle,damsel
fui,fled
ressemblent,look alike
misérable,wretched
fatigue,tired
ancêtres,ancestors
camions,trucks
dormez,sleep
pan,fold
duré,hard
disponible,available
vôtres,yours
cuit,cooked
marchait,walking
nage,swim
come,come
suspects,suspects
menottes,handcuffs
nique,picnic
panneau,sign
rit,laughs
pognon,dough
illusion,illusion
menu,menu
Ronnie,Ronnie
établir,establish
mettons,put
retrouvée,found
sabre,saber
André,Andrew
épuisé,exhausted
restés,remains
continues,continuous
chanteur,singer
kid,kid
lola,lola
prés,near
tendance,tendency
souvient,recalls
enfermer,lock
thérapie,therapy
vaisselle,dishes
tournez,turn
accorde,allowed
chemins,paths
troupeau,herd
saluer,greet
uh,uh
Kennedy,Kennedy
nettoie,cleans
assiette,plate
discuté,discussed
touches,keys
impact,impact
dessins,drawings
rompre,to break up
suivent,follow
sienne,his
verrons,see
angoisse,anguish
états,states
vivons,live
Mitchell,Mitchell
écrasé,crushed
tiennent,take
pape,Pope
connaissons,know
Murphy,Murphy
Ivan,Ivan
supposé,Assumed
colonne,column
assistante,assistant
mettrai,put
maquillage,makeup
ticket,ticket
réussite,success
quête,quest
boxe,boxing
proposer,to propose
boutons,buttons
arriverait,happen
assassins,assassins
répétition,repetition
agissait,was
culpabilité,guilt
pirate,pirate
blanches,white
brésil,Brazil
penny,penny
maîtres,masters
psychiatre,psychiatrist
miracles,miracles
hello,Hello
honorable,honorable
collines,Hills
vachement,really
taureau,Taurus
considère,considered
âne,donkey
whoa,whoa
comprennent,include
Christian,Christian
Justin,Justin
méthodes,methods
canal,channel
navette,shuttle bus
Tyler,Tyler
légère,light
sortant,outgoing
chaussettes,socks
revanche,revenge
remet,returns
mentez,lie
bud,bud
Abby,Abby
poils,fur
placer,to place
absent,absent
arrivais,arrived
escaliers,stairs
funérailles,funeral
routine,routine
noté,note
prenais,took
conducteur,driver
subi,sustained
photographe,photographer
noires,black
marchandise,merchandise
prendrais,take
émotion,emotion
défaut,fault
satan,Satan
occuperai,take care
dog,dog
mystérieux,mysterious
carmen,carmen
possession,possession
responsables,officials
raccroche,hangs
intentions,intentions
minimum,minimum
négocier,to negotiate
janvier,January
baraque,booth
batte,bat
irlandais,Irish
filet,net
confortable,comfortable
fermés,closed
ressources,resources
rayons,rays
innocente,innocent
Harvard,Harvard
expédition,expedition
may,may
profession,profession
plaira,please
bêtise,foolishness
restant,remaining
jugé,judge
Mitch,Mitch
organise,organized
rappelé,recalled
puissante,powerful
pertes,losses
saurait,can
planque,stash
ressentir,to feel
grotte,cave
gentiment,kindly
péter,to fart
chienne,female dog
tristesse,sadness
héritage,heritage
occupera,occupy
Benjamin,Benjamin
Antoine,Antoine
bloqué,blocked
punition,punishment
constamment,constantly
contents,happy
visites,visits
infiniment,infinitely
effectivement,effectively
chiffre,figure
conscient,aware
manager,manager
représentant,representing
anglaise,English
cauchemars,nightmares
Jan,Jan
continué,keep on going
réduit,reduced
gré,will
filmé,filmed
stars,stars
Owen,Owen
embrassé,embraced
peint,painted
reparti,go again
soie,silk
Lloyd,Lloyd
voisine,neighbor
douzaine,dozen
frankenstein,frankenstein
attaques,attacks
gênant,embarrassing
superman,superman
arrivant,coming
brillante,bright
atterrissage,landing
attendra,will wait
allure,look
pénible,hard
faibles,low
clef,key
Bruno,Bruno
Christine,Christine
Rebecca,Rebecca
bang,bang
pété,farted
gardiens,guards
formule,formula
soda,soda
frites,fries
fées,fairy
angel,angel
mm,mm
aperçu,preview
imaginais,imagined
aussitôt,right away
énormes,enormous
wade,wade
choisit,chooses
montée,climb
baignoire,bathtub
principes,principles
homo,homo
marchand,trader
cochons,pigs
spécialiste,specialist
repéré,spotted
récupéré,recovered
extra,extra
éclate,bursts
survivants,survivors
auquel,which
apparence,appearance
sucer,suck
habiter,to live in
excité,excited
Houston,Houston
jules,stud
foudre,lightning
chasseurs,hunters
walker,walker
with,with
nièce,niece
urgences,emergency room
mérité,deserved
dépensé,spent
boys,boys
saisir,to input
équilibre,balance
allumé,alight
lâches,cowardly
bruits,sounds
protégé,protected
résolu,resolved
probable,likely
poursuite,pursuit
baker,baker
résidence,residence
cognac,cognac
Clyde,Clyde
muscles,muscles
passées,past
intime,respondent
république,Republic
serviteur,servant
noyer,Walnut
mortes,dead
trompée,deceived
morgue,morgue
cherchons,looking
coma,coma
capables,capable
berger,shepherd
apprendra,learn
amateur,amateur
dises,tell
vertu,virtue
permets,allow
mafia,mafia
engagement,commitment
lesquelles,which
cachette,hideout